Date,Directories,Files,"Lines of Code (LOC)","Cyclomatic Complexity / Lines of Code","Comment Lines of Code (CLOC)","Non-Comment Lines of Code (NCLOC)",Namespaces,Interfaces,Traits,Classes,"Abstract Classes","Concrete Classes","Average Class Length (NCLOC)",Methods,"Non-Static Methods","Static Methods","Public Methods","Non-Public Methods","Average Method Length (NCLOC)","Cyclomatic Complexity / Number of Methods","Anonymous Functions",Functions,Constants,"Global Constants","Class Constants"
"Fri May 17 01:38:43 2013 -0700",136,656,240616,0.059968755177882,71628,168988,0,7,0,1019,14,1005,168.90677134446,6323,5808,515,5611,712,27.220623121936,2.562707575518,0,35,112,74,38
"Thu May 9 12:18:26 2013 -0400",136,656,240534,0.05997999088342,71611,168923,0,7,0,1019,14,1005,168.8390578999,6319,5804,515,5607,712,27.226934641557,2.5633802816901,0,35,112,74,38
"Mon May 6 09:21:45 2013 -0700",136,656,240476,0.0599970392302,71601,168875,0,7,0,1019,14,1005,168.79391560353,6319,5804,515,5607,712,27.219655008704,2.5633802816901,0,35,112,74,38
"Wed May 1 09:46:57 2013 -0400",136,656,240427,0.060043590533273,71583,168844,0,7,0,1019,14,1005,168.76054955839,6316,5801,515,5604,712,27.227200759975,2.5650728309056,0,35,112,74,38
"Mon Apr 29 07:34:06 2013 -0700",136,656,240404,0.060025353647845,71592,168812,0,7,0,1019,14,1005,168.73110893032,6314,5799,515,5602,712,27.231073804245,2.5650934431422,0,35,112,74,38
"Thu Apr 25 14:58:39 2013 -0700",136,656,240281,0.060043150457585,71569,168712,0,7,0,1019,14,1005,168.62806673209,6309,5794,515,5597,712,27.236012046283,2.56585829767,0,35,112,74,38
"Mon Apr 22 11:36:17 2013 +0200",136,656,240252,0.060039836858579,71564,168688,0,7,0,1019,14,1005,168.60942100098,6308,5793,515,5596,712,27.23731769182,2.5659480025365,0,35,112,74,38
"Thu Apr 18 21:22:50 2013 -0400",136,656,240184,0.060077209087189,71551,168633,0,7,0,1019,14,1005,168.55348380765,6306,5791,515,5594,712,27.236917221694,2.5669203932762,0,35,112,74,38
"Tue Apr 9 21:30:20 2013 -0400",136,656,240142,0.060088611574071,71541,168601,0,7,0,1019,14,1005,168.51619234544,6304,5789,515,5593,711,27.239530456853,2.5674175126904,0,35,114,76,38
"Sun Mar 31 00:23:03 2013 +0530",136,656,240085,0.060072495150181,71522,168563,0,7,0,1019,14,1005,168.48282630029,6302,5787,515,5591,711,27.242780069819,2.5675975880673,0,35,114,76,38
"Wed Mar 27 00:12:24 2013 +0530",136,656,240036,0.060067526271755,71509,168527,0,7,0,1019,14,1005,168.44749754661,6301,5786,515,5590,711,27.241390255515,2.5673702586891,0,35,114,76,38
"Mon Mar 18 21:27:00 2013 -0400",136,657,240021,0.06006576370176,71539,168482,0,7,0,1020,14,1006,168.23921568627,6303,5788,515,5591,712,27.225765508488,2.5663969538315,0,35,114,76,38
"Thu Mar 14 07:23:51 2013 -0700",136,656,239920,0.060081581275494,71499,168421,0,7,0,1019,14,1005,168.34249263984,6299,5784,515,5588,711,27.233052865534,2.5672328941102,0,35,114,76,38
"Tue Mar 5 20:58:03 2013 -0500",136,656,239889,0.060064607308702,71487,168402,0,7,0,1019,14,1005,168.33169774289,6298,5783,515,5587,711,27.235630358844,2.566846617974,0,35,114,76,38
"Fri Mar 1 13:37:52 2013 +0100",136,656,239818,0.060078060487967,71487,168331,0,7,0,1019,14,1005,168.26202158979,6298,5783,515,5587,711,27.224356938711,2.5665290568434,0,35,114,76,38
"Sun Feb 24 09:07:15 2013 -0800",136,656,239615,0.060097268630272,71421,168194,0,7,0,1015,14,1001,168.79507389163,6294,5779,515,5583,711,27.220686367969,2.5667302192564,0,35,114,76,38
"Wed Feb 13 22:48:56 2013 -0500",136,656,239522,0.060075778754587,71401,168121,0,7,0,1015,14,1001,168.71921182266,6291,5776,515,5580,711,27.22142743602,2.5662056906692,0,35,114,76,38
"Sat Feb 9 14:06:24 2013 -0500",136,656,239452,0.060083181112294,71385,168067,0,7,0,1015,14,1001,168.66305418719,6289,5774,515,5578,711,27.221020830021,2.5663857529019,0,35,114,76,38
"Fri Feb 8 21:08:15 2013 +0900",136,656,238807,0.060083538609832,70741,168066,0,7,0,1015,14,1001,168.66206896552,6289,5774,515,5578,711,27.220861822229,2.5663857529019,0,35,114,76,38
"Mon Feb 4 09:26:50 2013 +0100",136,656,238665,0.060129691491452,70728,167937,0,7,0,1015,14,1001,168.53300492611,6287,5772,515,5576,711,27.208684587244,2.566884046445,0,35,114,76,38
"Wed Jan 30 13:54:09 2013 +0100",136,655,238463,0.060147733365104,70593,167870,0,7,0,1015,14,1001,168.48472906404,6285,5771,514,5574,711,27.209546539379,2.5672235481305,0,35,114,76,38
"Sat Jan 26 21:16:26 2013 -0500",136,655,238333,0.060145087356418,70572,167761,0,7,0,1015,14,1001,168.3802955665,6282,5768,514,5572,710,27.205666985037,2.5674944285259,0,35,114,76,38
"Fri Jan 11 17:35:39 2013 +0530",136,655,238160,0.060178470170412,70625,167535,0,7,0,1015,14,1001,168.1645320197,6277,5764,513,5567,710,27.192448621953,2.5674685359248,0,35,114,76,38
"Tue Jan 8 20:15:46 2013 -0500",136,655,238021,0.060169866090094,70595,167426,0,7,0,1015,14,1001,168.05320197044,6272,5760,512,5564,708,27.196109693878,2.5674426020408,0,35,114,76,38
"Fri Dec 28 02:02:05 2012 +0530",136,655,237833,0.060182334479151,70558,167275,0,7,0,1015,14,1001,167.89753694581,6266,5754,512,5558,708,27.196935844239,2.5678263645069,0,35,114,76,38
"Sun Dec 23 00:23:01 2012 +0100",136,655,237772,0.060238009807439,70552,167220,0,7,0,1015,14,1001,167.84236453202,6265,5753,512,5561,704,27.192338387869,2.5690343176377,0,35,114,76,38
"Thu Dec 20 17:46:07 2012 -0800",136,655,237708,0.060231161310393,70552,167156,0,7,0,1015,14,1001,167.77733990148,6263,5752,511,5559,704,27.190483793709,2.5687370269839,0,35,114,76,38
"Sun Dec 16 13:32:38 2012 -0500",136,655,237627,0.060292366517272,70508,167119,0,7,0,1015,14,1001,167.73891625616,6261,5750,511,5558,703,27.192940424852,2.57051589203,0,35,114,76,38
"Mon Dec 10 17:06:06 2012 +0100",136,655,237427,0.060245798545812,70461,166966,0,7,0,1015,14,1001,167.57438423645,6257,5746,511,5555,702,27.183634329551,2.5688029407064,0,35,114,76,38
"Sun Dec 2 07:49:08 2012 -0800",136,655,237354,0.06028621575804,70417,166937,0,7,0,1015,14,1001,167.53793103448,6249,5738,511,5555,694,27.21251400224,2.5716114578333,0,35,114,76,38
"Wed Nov 28 18:33:39 2012 -0800",136,655,237025,0.060322696737044,70305,166720,0,7,0,1015,14,1001,167.30541871921,6234,5723,511,5542,692,27.240134744947,2.5742701315367,0,35,114,76,38
"Sat Nov 24 10:09:35 2012 -0800",136,655,236891,0.060339397865716,70184,166707,0,7,0,1015,14,1001,167.27881773399,6232,5721,511,5541,691,27.244544287548,2.5750962772786,0,35,114,76,38
"Wed Nov 14 21:50:29 2012 -0500",136,655,236581,0.060256156215661,70042,166539,0,7,0,1015,14,1001,167.05123152709,6226,5715,511,5535,691,27.233697398008,2.572759396081,0,35,114,76,38
"Fri Nov 9 22:32:29 2012 -0500",136,654,236235,0.060321965710712,69944,166291,0,7,0,1014,14,1000,166.97238658777,6220,5709,511,5529,691,27.220257234727,2.5737942122186,0,35,114,76,38
"Fri Nov 2 08:12:48 2012 +0700",136,654,235891,0.06037203922797,69887,166004,0,7,0,1014,14,1000,166.67948717949,6212,5701,511,5522,690,27.207501609788,2.5743721828719,0,35,114,76,38
"Sat Oct 27 22:50:02 2012 -0400",136,654,235914,0.060364039367328,69888,166026,0,7,0,1014,14,1000,166.70118343195,6212,5701,511,5522,690,27.211043142305,2.5743721828719,0,35,114,76,38
"Wed Oct 24 21:00:56 2012 -0400",136,654,235748,0.060368783040079,69851,165897,0,7,0,1014,14,1000,166.56804733728,6207,5697,510,5518,689,27.211213146448,2.5745126470114,0,35,114,76,38
"Sat Oct 20 20:48:11 2012 -0400",136,654,235695,0.060438699096796,69841,165854,0,7,0,1014,14,1000,166.5157790927,6205,5695,510,5516,689,27.211442385173,2.5761482675262,0,35,114,76,38
"Sun Oct 7 20:17:31 2012 +0530",136,654,235381,0.060509438747781,69787,165594,0,7,0,1014,14,1000,166.24950690335,6197,5688,509,5508,689,27.203001452316,2.5775375181539,0,35,114,76,38
"Mon Oct 1 09:30:08 2012 -0700",136,654,235123,0.060533887854535,69695,165428,0,7,0,1014,14,1000,166.07396449704,6188,5680,508,5500,688,27.213800904977,2.5788623141564,0,35,112,76,36
"Thu Sep 27 17:38:58 2012 -0700",136,654,235025,0.060551080146116,69677,165348,0,7,0,1014,14,1000,165.99013806706,6186,5678,508,5498,688,27.208858713223,2.5790494665373,0,35,112,76,36
"Mon Sep 24 01:26:29 2012 -0700",136,653,234836,0.060593589619444,69604,165232,0,7,0,1013,14,999,166.03751233959,6177,5669,508,5490,687,27.229399384815,2.5813501699854,0,35,112,76,36
"Tue Sep 18 00:59:27 2012 -0700",136,653,234568,0.060631214139003,69521,165047,0,7,0,1013,14,999,165.84304047384,6168,5661,507,5482,686,27.237191958495,2.5828469520104,0,35,112,76,36
"Thu Sep 13 21:05:10 2012 -0400",136,653,234309,0.060631239310537,69427,164882,0,7,0,1013,14,999,165.66337611056,6151,5647,504,5465,686,27.282880832385,2.5855958380751,0,35,112,76,36
"Thu Sep 13 00:10:22 2012 -0700",136,653,234089,0.060682588055316,69363,164726,0,7,0,1013,14,999,165.5064165844,6146,5642,504,5461,685,27.279205987634,2.5867230719167,0,35,109,76,33
"Mon Sep 3 20:09:13 2012 -0400",135,652,233975,0.060609190095497,69363,164612,0,7,0,1012,14,998,165.64031620553,6144,5640,504,5459,685,27.283203125,2.58740234375,0,35,109,76,33
"Thu Aug 30 16:35:36 2012 +0100",135,651,233527,0.060649041534519,69254,164273,0,7,0,1012,14,998,165.34387351779,6130,5627,503,5446,684,27.296574225122,2.5887438825449,0,35,109,76,33
"Sat Aug 25 17:31:21 2012 -0400",135,651,233409,0.060654609250787,69250,164159,0,7,0,1012,14,998,165.23023715415,6129,5626,503,5445,684,27.282264643498,2.5880241474955,0,35,109,76,33
"Thu Aug 23 13:16:34 2012 -0700",135,651,233336,0.060645578028166,69235,164101,0,7,0,1012,14,998,165.16996047431,6126,5623,503,5442,684,27.285667646099,2.5879856349984,0,35,109,76,33
"Fri Aug 10 21:48:22 2012 -0400",135,649,232734,0.060686950625806,69025,163709,0,7,0,1010,14,996,165.10297029703,6105,5603,502,5422,683,27.314332514333,2.5906633906634,0,35,109,76,33
"Wed Aug 8 13:13:28 2012 +0200",135,649,232500,0.060651457432693,68959,163541,0,7,0,1009,14,995,165.10009910803,6096,5595,501,5416,680,27.327099737533,2.5905511811024,0,35,109,76,33
"Thu Aug 2 21:34:45 2012 -0400",135,649,231923,0.060689849670157,68815,163108,0,7,0,1008,14,994,164.80654761905,6077,5576,501,5400,677,27.336679282541,2.5922330097087,0,35,109,76,33
"Sun Jul 22 21:28:49 2012 -0400",135,648,231509,0.060663210143503,68725,162784,0,7,0,1007,14,993,164.64448857994,6069,5568,501,5394,675,27.318668643928,2.5908716427748,0,35,107,76,31
"Sat Jul 21 07:02:34 2012 -0700",135,647,231212,0.060659921891817,68617,162595,0,7,0,1006,14,992,164.61033797217,6060,5562,498,5386,674,27.326402640264,2.5912541254125,0,35,107,76,31
"Sun Jul 15 09:11:27 2012 -0400",135,647,230819,0.060628465804067,68519,162300,0,7,0,1005,14,991,164.4736318408,6040,5543,497,5369,671,27.366887417219,2.5927152317881,0,35,107,76,31
"Sun Jul 1 17:35:24 2012 -0430",135,647,230453,0.060731943681446,68446,162007,0,7,0,1005,14,991,164.1671641791,6030,5533,497,5360,670,27.361194029851,2.593864013267,0,35,107,76,31
"Sun Jun 24 11:29:31 2012 -0400",135,647,230388,0.060737018218636,68411,161977,0,7,0,1005,14,991,164.13134328358,6022,5526,496,5352,670,27.391564264364,2.5958153437396,0,35,107,76,31
"Tue Jun 19 18:35:36 2012 +0200",135,647,230437,0.060775697127551,68415,162022,0,7,0,1005,14,991,164.17611940299,6022,5526,496,5352,670,27.399036864829,2.5973098638326,0,35,107,76,31
"Fri Jun 1 20:38:38 2012 +0200",135,647,230322,0.060813982213439,68402,161920,0,7,0,1005,14,991,164.07263681592,6020,5524,496,5350,670,27.390863787375,2.5978405315615,0,35,107,76,31
"Sat Jun 9 15:27:22 2012 -0430",135,647,230223,0.06084366755025,68382,161841,0,7,0,1005,14,991,163.99004975124,6017,5521,496,5348,669,27.390726275553,2.5986371946153,0,35,107,76,31
"Thu Jun 7 08:43:05 2012 +0200",135,647,230126,0.060851826667491,68356,161770,0,7,0,1005,14,991,163.91542288557,6015,5519,496,5346,669,27.387364921031,2.5986699916874,0,35,107,76,31
"Sun Jun 3 21:11:20 2012 -0400",135,647,230005,0.060843205790467,68360,161645,0,7,0,1004,14,990,163.95717131474,6015,5519,496,5344,671,27.367082294264,2.5971737323358,0,35,107,76,31
"Wed May 30 15:39:43 2012 -0700",134,645,229570,0.06088002579557,68302,161268,0,7,0,1001,14,987,164.06993006993,5997,5502,495,5327,670,27.386026346507,2.5991328997832,0,35,107,76,31
"Sun May 27 19:18:14 2012 +0200",134,645,229355,0.060847545989424,68231,161124,0,7,0,1001,14,987,163.91608391608,5990,5499,491,5320,670,27.392320534224,2.5986644407346,0,35,107,76,31
"Tue May 22 21:27:05 2012 -0400",134,645,229257,0.060866109462128,68215,161042,0,7,0,1001,14,987,163.84315684316,5987,5496,491,5318,669,27.393853348923,2.5991314514782,0,35,107,76,31
"Sat May 12 20:33:56 2012 +0530",134,645,229064,0.060889129205278,68165,160899,0,7,0,1001,14,987,163.69230769231,5981,5490,491,5313,668,27.396087610767,2.5998996823274,0,35,107,76,31
"Tue May 15 10:38:46 2012 +0700",132,640,226498,0.061300900855624,67316,159182,0,7,0,996,14,982,162.69578313253,5886,5396,490,5228,658,27.530581039755,2.6190961603806,0,35,107,76,31
"Sun May 13 04:43:21 2012 -0700",132,640,226074,0.061373158364892,67112,158962,0,7,0,996,14,982,162.44176706827,5876,5391,485,5220,656,27.534377127297,2.6204901293397,0,35,113,82,31
"Sat May 12 21:09:15 2012 -0400",132,640,226073,0.061403453590413,67108,158965,0,7,0,996,14,982,162.44578313253,5876,5391,485,5220,656,27.535057862491,2.6213410483322,0,35,113,82,31
"Sat May 12 00:18:47 2012 +0530",132,640,225813,0.061974386272151,67070,158743,0,7,0,996,14,982,162.23293172691,5871,5387,484,5215,656,27.522398228581,2.6358371657299,0,35,113,82,31
"Thu May 10 00:05:30 2012 -0430",132,636,224899,0.061908225546314,66794,158105,0,7,0,990,13,977,162.59393939394,5837,5364,473,5185,652,27.577180058249,2.6371423676546,0,35,113,82,31
"Mon May 7 21:48:58 2012 +0100",132,636,224770,0.061914194761058,66761,158009,0,7,0,990,13,977,162.49191919192,5834,5361,473,5182,652,27.574048680151,2.6371271854645,0,35,113,82,31
"Wed May 9 17:48:44 2012 -0700",132,636,224569,0.061980093891955,66728,157841,0,7,0,990,13,977,162.31414141414,5830,5357,473,5179,651,27.562778730703,2.6380789022298,0,35,114,83,31
"Sat May 5 17:20:44 2012 -0700",132,636,224539,0.061962603202362,66718,157821,0,7,0,990,13,977,162.29191919192,5830,5357,473,5179,651,27.559005145798,2.6373927958834,0,35,114,83,31
"Mon Apr 30 17:16:08 2012 -0700",132,636,224115,0.062005511601031,66629,157486,0,7,0,990,13,977,161.94141414141,5818,5346,472,5168,650,27.556204881403,2.6383636988656,0,35,114,83,31
"Thu Apr 26 20:19:03 2012 -0400",132,636,224014,0.062006048130924,66610,157404,0,7,0,990,13,977,161.85353535354,5814,5342,472,5164,650,27.560199518404,2.6386308909529,0,35,114,83,31
"Tue Apr 24 20:01:13 2012 -0400",132,635,223933,0.062014666446373,66567,157366,0,7,0,988,13,975,162.14473684211,5813,5341,472,5164,649,27.558747634612,2.6387407534836,0,35,114,83,31
"Sun Apr 22 19:14:24 2012 -0430",132,635,223653,0.061960919013816,66441,157212,0,7,0,988,13,975,161.97064777328,5785,5317,468,5140,645,27.662402765774,2.6435609334486,0,35,114,83,31
"Fri Apr 13 09:36:43 2012 +0530",129,627,221684,0.062066754304402,65739,155945,0,7,0,979,12,967,162.13278855975,5708,5242,466,5071,637,27.807988787666,2.6548703573931,0,35,114,83,31
"Sun Apr 15 22:20:34 2012 -0400",129,626,221332,0.062066485125623,65628,155704,0,7,0,977,12,965,162.20266120778,5695,5229,466,5060,635,27.826514486392,2.6553116769096,0,35,114,83,31
"Fri Apr 6 21:46:34 2012 -0400",129,624,218379,0.062198492789903,64983,153396,0,7,0,974,12,962,160.26488706366,5614,5180,434,4985,629,27.805130032063,2.6572853580335,0,35,114,83,31
"Sun Apr 1 18:19:08 2012 -0700",129,624,218166,0.062220597928591,64937,153229,0,7,0,973,12,961,160.25282631038,5609,5176,433,4982,627,27.799251203423,2.6575147085042,0,35,114,83,31
"Tue Mar 20 20:54:41 2012 -0400",129,624,217806,0.06223399038933,64851,152955,0,7,0,971,12,959,160.28939237899,5594,5162,432,4972,622,27.822845906328,2.6592777976403,0,35,114,83,31
"Sun Mar 11 22:31:53 2012 +0530",129,624,218031,0.062017021720969,64815,153216,0,7,0,971,12,959,160.53964984552,5566,5135,431,4948,618,28.00646784046,2.6645706072584,0,35,114,83,31
"Mon Mar 12 20:31:33 2012 -0400",129,624,217671,0.062066755604384,64755,152916,0,7,0,971,12,959,160.22142121524,5556,5126,430,4942,614,28.001259899208,2.6655867530598,0,35,114,83,31
"Sat Mar 10 22:29:35 2012 -0500",129,624,217252,0.062107201604289,64661,152591,0,7,0,970,12,958,160.03917525773,5542,5112,430,4928,614,28.011187297005,2.6672681342476,0,35,114,83,31
"Wed Mar 7 19:52:06 2012 -0500",129,624,217122,0.062077785793927,64652,152470,0,7,0,970,12,958,159.9412371134,5541,5111,430,4927,614,27.999097635806,2.6654033567948,0,35,114,83,31
"Sun Mar 4 06:51:02 2012 -0800",129,624,217005,0.062096885313667,64598,152407,0,7,0,970,12,958,159.86907216495,5541,5111,430,4927,614,27.986464537087,2.665222883956,0,35,114,83,31
"Sat Mar 3 18:55:07 2012 -0500",129,624,216806,0.062152645478315,64584,152222,0,7,0,970,12,958,159.6793814433,5539,5109,430,4925,614,27.96335078534,2.6652825419751,0,35,114,83,31
"Wed Feb 29 08:32:45 2012 -0800",129,624,216644,0.062185979218729,64584,152060,0,7,0,968,12,956,159.83884297521,5537,5107,430,4923,614,27.943651797002,2.6649810366625,0,35,114,83,31
"Thu Feb 23 17:11:08 2012 -0800",129,624,216617,0.062270628625548,64571,152046,0,7,0,968,12,956,159.80681818182,5536,5106,430,4924,612,27.943099710983,2.6663656069364,0,35,114,83,31
"Wed Feb 22 22:49:42 2012 +0100",129,624,216616,0.062273905207909,64578,152038,0,7,0,968,12,956,159.79855371901,5536,5106,430,4924,612,27.941654624277,2.6663656069364,0,35,114,83,31
"Tue Feb 21 18:24:16 2012 -0800",129,624,216462,0.062371622689208,64566,151896,0,7,0,968,12,956,159.64566115702,5534,5104,430,4922,612,27.925009035056,2.6680520419227,0,35,114,83,31
"Mon Feb 20 21:23:29 2012 -0500",129,624,216355,0.062377346065196,64505,151850,0,7,0,968,12,956,159.58884297521,5534,5104,430,4948,586,27.915070473437,2.667690639682,0,35,114,83,31
"Sun Feb 19 08:56:55 2012 -0800",128,620,215258,0.062223868356306,64062,151196,0,7,0,963,12,951,159.7528556594,5501,5072,429,4917,584,27.966187965824,2.6660607162334,0,35,111,83,28
"Thu Feb 16 13:07:37 2012 -0800",128,620,215045,0.062255521653087,63958,151087,0,7,0,963,12,951,159.6261682243,5488,5060,428,4904,584,28.010204081633,2.6696428571429,0,35,111,83,28
"Tue Feb 14 23:26:55 2012 +0700",128,620,215030,0.062265000264788,63966,151064,0,7,0,963,12,951,159.60539979232,5489,5061,428,4905,584,28.001457460375,2.6693386773547,0,35,111,83,28
"Sun Feb 12 21:04:35 2012 -0430",126,618,214605,0.062318398322962,63863,150742,0,7,0,958,12,946,160.10334029228,5477,5084,393,4895,582,28.004199379222,2.6708051853204,0,35,111,83,28
"Fri Feb 10 17:26:05 2012 +0100",126,614,212416,0.062719568773633,63260,149156,0,7,0,951,12,939,159.56677181914,5405,5013,392,4824,581,28.075485661425,2.6860314523589,0,35,110,82,28
"Sat Feb 4 11:03:01 2012 -0500",126,613,212121,0.062719009706913,63155,148966,0,7,0,950,12,938,159.53578947368,5400,5008,392,4819,581,28.066481481481,2.6853703703704,0,35,110,82,28
"Mon Jan 30 22:29:52 2012 -0500",126,613,212006,0.062737617045287,63132,148874,0,7,0,950,12,938,159.43368421053,5397,5005,392,4816,581,28.064109690569,2.6857513433389,0,35,110,82,28
"Sat Jan 28 09:12:53 2012 -0800",124,606,211869,0.062768817204301,63069,148800,0,7,0,949,12,937,159.5416227608,5397,5005,392,4816,581,28.053548267556,2.6857513433389,0,35,110,82,28
"Wed Jan 25 12:43:55 2012 +0100",124,606,211702,0.062780842190233,63042,148660,0,7,0,949,12,937,159.38988408851,5393,5001,392,4812,581,28.047654366772,2.6857036899685,0,35,110,82,28
"Sun Jan 22 12:52:00 2012 -0800",122,605,211579,0.062811652523839,62976,148603,0,7,0,948,12,936,159.49578059072,5388,4996,392,4807,581,28.06273199703,2.6870824053452,0,35,111,83,28
"Sun Jan 15 01:03:48 2012 +0100",122,605,209572,0.063079726899328,62520,147052,0,7,0,944,12,932,158.46716101695,5318,4929,389,4742,576,28.129559984957,2.6983828506958,0,35,111,83,28
"Sun Jan 8 20:12:40 2012 -0430",122,604,209215,0.062970782537629,62385,146830,0,7,0,943,12,931,158.4019088017,5306,4923,383,4739,567,28.151715039578,2.6965699208443,0,35,111,83,28
"Thu Dec 29 11:15:37 2011 -0500",122,603,209164,0.062911290652206,62370,146794,0,7,0,943,12,931,158.38388123012,5305,4923,382,4739,566,28.153817153629,2.6957587181904,0,35,111,83,28
"Thu Jan 5 19:56:01 2012 -0430",122,603,208787,0.063013997802393,62264,146523,0,7,0,943,12,931,158.07953340403,5293,4913,380,4728,565,28.163423389382,2.6992253920272,0,35,111,83,28
"Thu Dec 22 03:15:04 2011 +0530",120,598,207221,0.063113132367893,61657,145564,0,6,0,937,12,925,158.02454642476,5233,4854,379,4673,560,28.295241735142,2.7099178291611,0,35,111,83,28
"Sat Dec 17 22:14:58 2011 -0500",120,598,206913,0.063136161866419,61608,145305,0,6,0,937,12,925,157.74279615795,5227,4848,379,4667,560,28.277214463363,2.7093935335757,0,35,111,83,28
"Sat Oct 8 15:14:17 2011 -0400",120,598,206841,0.063162604984166,61581,145260,0,6,0,937,12,925,157.69370330843,5222,4843,379,4663,559,28.295480658751,2.7112217541172,0,35,111,83,28
"Thu Sep 1 20:00:56 2011 +0100",120,597,206484,0.063174145880861,61393,145091,0,6,0,936,12,924,157.66346153846,5206,4827,379,4649,557,28.346715328467,2.7147522089896,0,35,108,83,25
"Mon Dec 5 12:17:28 2011 +0100",120,593,205079,0.063369976072407,60894,144185,0,5,0,929,11,918,157.86329386437,5170,4791,379,4613,557,28.366537717602,2.721083172147,0,35,108,83,25
"Wed Nov 9 09:42:52 2011 -0800",117,578,201730,0.063361346903726,59656,142074,0,5,0,904,11,893,159.92367256637,5106,4731,375,4549,557,28.313944379162,2.7166079122601,0,35,108,83,25
"Sun Oct 23 21:23:06 2011 -0400",117,577,201076,0.063389035639117,59490,141586,0,5,0,903,11,892,159.51495016611,5084,4718,366,4528,556,28.332415420928,2.7193154996066,0,35,107,83,24
"Thu Oct 20 08:57:49 2011 +0200",117,577,200598,0.063415186790155,59370,141228,0,5,0,903,11,892,159.09523809524,5066,4703,363,4514,552,28.358270825109,2.7216739044611,0,35,107,83,24
"Tue Oct 18 12:24:35 2011 +0200",117,576,199222,0.063363506431634,58589,140633,0,4,0,907,10,897,156.80926130099,4942,4583,359,4396,546,28.779036827195,2.7563739376771,0,35,107,83,24
"Tue Oct 18 11:36:30 2011 +0200",117,575,198737,0.064772670434652,58786,139951,0,4,0,906,10,896,154.6059602649,4927,4568,359,4385,542,28.429673229146,2.7929774710777,0,35,107,83,24
"Fri Sep 9 20:40:32 2011 -0400",117,573,198168,0.063398061724422,58353,139815,0,4,0,905,10,895,155.54806629834,4903,4544,359,4363,540,28.711197226188,2.7607587191515,0,35,107,83,24
"Tue Sep 6 02:37:18 2011 +0100",117,573,198018,0.063516714736593,58291,139727,0,4,0,905,10,895,153.88066298343,4900,4541,359,4360,540,28.420816326531,2.7640816326531,0,35,107,83,24
"Sat Sep 3 19:12:06 2011 -0430",117,573,198018,0.063516714736593,58291,139727,0,4,0,905,10,895,153.88066298343,4900,4541,359,4360,540,28.420816326531,2.7640816326531,0,35,107,83,24
"Sat Sep 3 14:31:02 2011 -0430",117,573,197963,0.063334263772286,58244,139719,0,4,0,904,10,894,154.15818584071,4894,4535,359,4354,540,28.475480179812,2.7609317531671,0,35,107,83,24
"Fri Sep 2 00:19:37 2011 +0200",117,575,199276,0.064465599122801,58829,140447,0,4,0,908,10,898,155.0231277533,4970,4607,363,4425,545,28.322132796781,2.7718309859155,0,35,107,83,24
"Thu Sep 1 00:38:08 2011 +0100",117,575,199175,0.064163856518832,58613,140562,0,4,0,906,10,896,154.80022075055,4929,4570,359,4385,544,28.453844593224,2.7829174274701,0,35,107,83,24
"Mon Aug 29 16:54:22 2011 -0430",117,575,198790,0.064221818311415,58495,140295,0,4,0,905,10,895,155.26740331492,4910,4551,359,4366,544,28.618533604888,2.7873727087576,0,35,107,83,24
"Sun Aug 21 09:56:23 2011 -0400",117,575,198790,0.064221818311415,58495,140295,0,4,0,905,10,895,155.26740331492,4910,4551,359,4366,544,28.618533604888,2.7873727087576,0,35,107,83,24
"Fri Aug 19 16:47:46 2011 +0200",117,575,200544,0.067608771716854,60503,140041,0,4,0,906,10,896,154.8995584989,4904,4548,356,4390,514,28.617251223491,2.8835644371941,0,35,107,83,24
"Sun Aug 14 05:09:57 2011 +0530",117,575,200544,0.067608771716854,60503,140041,0,4,0,906,10,896,154.8995584989,4904,4548,356,4390,514,28.617251223491,2.8835644371941,0,35,107,83,24
"Sun Jul 31 06:33:56 2011 +0530",117,575,200544,0.067608771716854,60503,140041,0,4,0,906,10,896,154.8995584989,4904,4548,356,4390,514,28.617251223491,2.8835644371941,0,35,107,83,24
"Mon Jul 25 23:29:04 2011 -0430",117,575,200544,0.067608771716854,60503,140041,0,4,0,906,10,896,154.8995584989,4904,4548,356,4390,514,28.617251223491,2.8835644371941,0,35,107,83,24
"Fri Jul 22 20:45:33 2011 -0400",117,575,200544,0.067608771716854,60503,140041,0,4,0,906,10,896,154.8995584989,4904,4548,356,4390,514,28.617251223491,2.8835644371941,0,35,107,83,24
"Fri Jul 15 18:30:55 2011 -0430",117,574,197995,0.064636442641947,59915,138080,0,4,0,905,9,896,152.78563535912,4832,4477,355,4328,504,28.615687086093,2.8013245033113,0,35,120,96,24
"Sat Jul 9 07:45:19 2011 -0700",117,574,198126,0.064620951691695,59951,138175,0,4,0,906,9,897,152.30794701987,4834,4479,355,4327,507,28.545924700041,2.8003723624328,0,35,120,96,24
"Sun Jul 3 12:53:57 2011 -0400",117,574,198126,0.064620951691695,59951,138175,0,4,0,906,9,897,152.30794701987,4834,4479,355,4327,507,28.545924700041,2.8003723624328,0,35,120,96,24
"Tue Jun 28 17:28:36 2011 +0530",117,574,197876,0.064770462697924,59881,137995,0,4,0,907,9,898,151.71995589857,4820,4466,354,4316,504,28.54979253112,2.8109958506224,1,35,120,96,24
"Thu Jun 23 13:53:19 2011 -0700",117,574,197876,0.064770462697924,59881,137995,0,4,0,907,9,898,151.71995589857,4820,4466,354,4316,504,28.54979253112,2.8109958506224,1,35,120,96,24
"Wed Jun 22 13:08:17 2011 -0700",117,574,197876,0.064770462697924,59881,137995,0,4,0,907,9,898,151.71995589857,4820,4466,354,4316,504,28.54979253112,2.8109958506224,1,35,120,96,24
"Wed Jun 22 15:39:33 2011 +0200",117,573,197536,0.064627825607224,59778,137758,0,4,0,903,9,894,152.20265780731,4814,4460,354,4308,506,28.549854590777,2.8061902783548,0,35,120,96,24
"Tue Jun 21 15:30:17 2011 -0430",117,571,197277,0.06480324343176,59645,137632,0,4,0,901,9,892,153.13651498335,4802,4448,354,4294,508,28.73302790504,2.814035818409,0,35,119,96,23
"Mon Jun 20 19:49:06 2011 -0430",117,571,197248,0.064839844204162,59632,137616,0,4,0,901,9,892,152.28412874584,4802,4448,354,4294,508,28.57309454394,2.8148688046647,0,35,119,96,23
"Sun Jun 19 18:43:11 2011 -0400",117,571,197275,0.064906610764147,59893,137382,0,4,0,901,9,892,157.35183129856,4802,4448,354,4294,508,29.523948354852,2.8136193252811,0,35,119,96,23
"Sun Jun 12 22:42:22 2011 +0200",117,569,196938,0.064955199545809,59551,137387,0,4,0,899,9,890,153.10567296997,4790,4435,355,4283,507,28.735281837161,2.819624217119,0,35,118,96,22
"Thu Jun 2 21:53:56 2011 -0400",117,569,196938,0.064955199545809,59551,137387,0,4,0,899,9,890,153.10567296997,4790,4435,355,4283,507,28.735281837161,2.819624217119,0,35,118,96,22
"Mon May 30 21:48:26 2011 -0400",117,569,196938,0.064955199545809,59551,137387,0,4,0,899,9,890,153.10567296997,4790,4435,355,4283,507,28.735281837161,2.819624217119,0,35,118,96,22
"Sun May 29 00:02:53 2011 +0200",117,569,196938,0.064955199545809,59551,137387,0,4,0,899,9,890,153.10567296997,4790,4435,355,4283,507,28.735281837161,2.819624217119,0,35,118,96,22
"Thu May 26 16:54:31 2011 +0200",117,569,196862,0.065125729141634,59543,137319,0,4,0,899,9,890,152.23804226919,4788,4434,354,4324,464,28.584377610693,2.8237259816207,0,35,118,96,22
"Tue May 24 09:05:23 2011 +0200",117,569,196862,0.065125729141634,59543,137319,0,4,0,899,9,890,152.23804226919,4788,4434,354,4324,464,28.584377610693,2.8237259816207,0,35,118,96,22
"Sun May 22 23:29:17 2011 +0200",117,569,196862,0.065125729141634,59543,137319,0,4,0,899,9,890,152.23804226919,4788,4434,354,4324,464,28.584377610693,2.8237259816207,0,35,118,96,22
"Thu May 19 14:05:18 2011 -0700",117,569,196923,0.065025965229171,59624,137299,0,4,0,898,9,889,152.44543429844,4796,4441,355,4338,458,28.543786488741,2.8181818181818,0,35,118,96,22
"Tue May 17 21:48:16 2011 +0200",117,569,196915,0.065044144642909,59639,137276,0,4,0,898,9,889,154.3719376392,4796,4441,355,4338,458,28.904503753128,2.8183903252711,0,35,118,96,22
"Sun May 15 16:15:06 2011 +0200",117,569,196883,0.065294674728637,59613,137270,0,4,0,898,9,889,152.3986636971,4795,4440,355,4337,458,28.540980187696,2.8258602711157,0,35,118,96,22
"Tue May 17 00:08:51 2011 +0200",117,569,196883,0.065294674728637,59613,137270,0,4,0,898,9,889,152.3986636971,4795,4440,355,4337,458,28.540980187696,2.8258602711157,0,35,118,96,22
"Mon May 16 12:11:27 2011 -0700",117,569,196859,0.065013697831662,59611,137248,0,4,0,898,9,889,152.38084632517,4795,4440,355,4337,458,28.537643378519,2.8175182481752,0,35,118,96,22
"Sun May 15 19:10:53 2011 +0200",117,569,196835,0.065083790727549,59827,137008,0,4,0,898,9,889,152.31514476615,4795,4440,355,4337,458,28.525338894682,2.8152241918665,1,35,118,96,22
"Sun Apr 17 12:28:10 2011 +0200",117,569,196750,0.065142581592618,59881,136869,0,4,0,901,9,892,152.11986681465,4813,4458,355,4354,459,28.477041346354,2.8078121753584,0,41,122,100,22
"Sun Apr 17 12:06:33 2011 +0200",117,569,196800,0.065006673522526,59691,137109,0,4,0,898,9,889,152.91648106904,4799,4444,355,4341,458,28.614086267972,2.8135028130861,0,35,132,110,22
"Thu May 12 22:41:35 2011 -0400",115,558,196129,0.065073400397707,59345,136784,0,4,0,894,9,885,152.57718120805,4763,4415,348,4306,457,28.638253201764,2.8238505143817,0,35,136,114,22
"Sat May 7 19:00:17 2011 +0200",115,558,196129,0.065073400397707,59345,136784,0,4,0,894,9,885,152.57718120805,4763,4415,348,4306,457,28.638253201764,2.8238505143817,0,35,136,114,22
"Wed Apr 27 00:26:42 2011 -0400",115,557,195017,0.066433695052419,59092,135925,0,4,0,892,9,883,152.04484304933,4735,4387,348,4284,451,28.642872228089,2.8627243928194,0,35,133,114,19
"Mon Apr 25 19:22:14 2011 +0200",115,557,195070,0.06516991094475,59087,135983,0,4,0,891,9,882,152.12008978676,4734,4386,348,4295,439,28.630967469371,2.8276299112801,0,35,133,114,19
"Fri Apr 22 17:08:44 2011 -0430",112,550,193031,0.065023270314205,58310,134721,0,4,0,881,8,873,153.12258796822,4663,4320,343,4250,413,28.930087926228,2.8335835299164,0,35,128,114,14
"Thu Apr 21 19:01:15 2011 -0430",112,549,193015,0.066731485742277,58281,134734,0,4,0,879,8,871,152.83845278726,4662,4320,342,4249,413,28.817031317031,2.8835263835264,0,35,128,114,14
"Tue Apr 19 12:14:02 2011 -0430",112,549,193015,0.066731485742277,58281,134734,0,4,0,879,8,871,152.83845278726,4662,4320,342,4249,413,28.817031317031,2.8835263835264,0,35,128,114,14
"Sun Apr 17 18:03:43 2011 +0200",112,549,193015,0.066731485742277,58281,134734,0,4,0,879,8,871,152.83845278726,4662,4320,342,4249,413,28.817031317031,2.8835263835264,0,35,128,114,14
"Sat Mar 26 22:34:03 2011 +0100",98,545,193133,0.065974520492931,58672,134461,0,4,0,880,7,873,154.52272727273,4716,4373,343,4302,414,28.833757421544,2.8282442748092,0,39,134,120,14
"Sat Mar 19 10:14:10 2011 -0400",98,545,193119,0.065801874540827,58366,134753,0,4,0,879,7,872,152.9055745165,4669,4326,343,4255,414,28.786463910902,2.8432212465196,0,39,134,120,14
"Sat Mar 12 12:19:06 2011 -0500",98,545,192894,0.065733839626077,58321,134573,0,4,0,879,7,872,152.76678043231,4665,4322,343,4251,414,28.784994640943,2.842872454448,0,39,134,120,14
"Thu Mar 10 03:54:20 2011 +0530",98,545,192910,0.065872844907631,58287,134623,0,4,0,879,7,872,152.83162684869,4665,4322,343,4250,415,28.797213290461,2.8452304394427,0,39,134,120,14
"Thu Mar 3 06:36:02 2011 -0500",98,545,192896,0.06596386437253,58292,134604,0,4,0,879,7,872,153.59726962457,4667,4321,346,4254,413,28.929076494536,2.8500107135205,0,39,134,120,14
"Wed Mar 2 05:46:27 2011 -0500",98,545,192641,0.065875525464082,58236,134405,0,4,0,879,7,872,152.64846416382,4655,4310,345,4242,413,28.824489795918,2.8494092373792,0,39,134,120,14
"Wed Feb 23 01:22:23 2011 -0430",98,545,192507,0.066025722179608,58226,134281,0,4,0,879,7,872,152.50170648464,4653,4308,345,4246,407,28.809155383623,2.852998065764,0,39,134,120,14
"Mon Feb 21 15:45:46 2011 -0300",98,545,192507,0.066025722179608,58226,134281,0,4,0,879,7,872,152.50170648464,4653,4308,345,4246,407,28.809155383623,2.852998065764,0,39,134,120,14
"Sun Feb 13 15:13:52 2011 -0500",96,531,191813,0.066614005410199,57622,134191,0,4,0,867,5,862,154.45674740484,4602,4262,340,4201,401,29.099087353325,2.8876575401999,0,39,133,120,13
"Sat Feb 12 22:31:51 2011 -0500",96,531,191910,0.066670143338201,57682,134228,0,4,0,867,5,862,156.70357554787,4607,4264,343,4200,407,29.490340785761,2.8890818319948,0,39,133,120,13
"Sat Feb 12 16:08:48 2011 -0500",96,534,192175,0.066581296485181,57858,134317,0,4,0,871,5,866,153.93111366246,4618,4273,345,4206,412,29.03291468168,2.8832828064097,0,39,137,124,13
"Sat Feb 5 15:24:46 2011 -0500",96,532,191946,0.066522549385017,57796,134150,0,4,0,869,5,864,154.21403912543,4612,4267,345,4203,409,29.05724197745,2.8816131830009,0,39,135,122,13
"Fri Feb 4 21:56:24 2011 -0500",96,532,191946,0.066522549385017,57796,134150,0,4,0,869,5,864,154.21403912543,4612,4267,345,4203,409,29.05724197745,2.8816131830009,0,39,135,122,13
"Tue Jan 18 17:51:09 2011 -0800",96,531,191601,0.066377958635108,57671,133930,0,4,0,867,5,862,156.6862745098,4599,4254,345,4191,408,29.538377908241,2.879539030224,0,39,135,122,13
"Sun Jan 9 00:09:01 2011 -0500",96,531,191206,0.066352342463703,57586,133620,0,4,0,862,5,857,154.75522041763,4586,4241,345,4178,408,29.088312254688,2.8802878325338,0,39,135,122,13
"Sat Jan 1 22:11:28 2011 -0430",96,531,190866,0.066334295460509,57481,133385,0,4,0,862,5,857,154.56960556845,4575,4231,344,4168,407,29.123278688525,2.880218579235,0,39,135,122,13
"Sun Dec 26 20:16:48 2010 -0500",96,531,189957,0.066569294705776,57133,132824,0,4,0,862,5,857,153.97679814385,4535,4191,344,4130,405,29.267475192944,2.8961411245865,0,39,135,122,13
"Wed Dec 22 22:33:17 2010 -0500",96,531,189957,0.066569294705776,57133,132824,0,4,0,862,5,857,153.97679814385,4535,4191,344,4130,405,29.267475192944,2.8961411245865,0,39,135,122,13
"Tue Dec 21 20:53:39 2010 -0500",96,531,190901,0.066469919519375,58074,132827,0,4,0,862,5,857,153.74245939675,4536,4192,344,4131,405,29.216490299824,2.8928571428571,0,39,135,122,13
"Wed Dec 15 22:12:48 2010 -0500",96,531,191030,0.066749622926094,58430,132600,0,4,0,868,5,863,153.55069124424,4566,4222,344,4161,405,29.190100744634,2.8828296101621,0,40,139,126,13
"Sun Dec 12 21:02:42 2010 -0500",94,520,189137,0.066585249296448,57306,131831,0,4,0,841,5,836,156.38644470868,4483,4157,326,4090,393,29.3377202766,2.9022975685925,0,40,138,125,13
"Sun Dec 12 15:48:36 2010 -0500",94,520,189211,0.06653114167166,57378,131833,0,4,0,842,5,837,158.71852731591,4485,4168,317,4092,393,29.797324414716,2.8996655518395,0,40,138,125,13
"Sun Dec 12 12:44:48 2010 -0500",94,520,189096,0.066534094359099,57344,131752,0,4,0,842,5,837,156.06888361045,4483,4167,316,4090,393,29.312960071381,2.8987285300022,0,40,138,125,13
"Fri Dec 10 02:42:38 2010 -0200",94,520,188819,0.067998206373454,57242,131577,0,4,0,834,5,829,157.47122302158,4475,4160,315,4082,393,29.347709497207,2.9432402234637,0,40,138,125,13
"Sat Nov 27 12:09:43 2010 -0800",90,509,188155,0.067689723621927,57175,130980,0,3,0,830,5,825,160.64578313253,4524,4225,299,4138,386,29.473032714412,2.9042882404951,0,40,155,142,13
"Tue Nov 2 23:49:19 2010 -0400",90,506,187577,0.067781683399576,56996,130581,0,3,0,823,5,818,161.53948967193,4505,4207,298,4120,385,29.510987791343,2.9089900110988,0,40,155,142,13
"Sat Oct 30 01:29:26 2010 -0200",86,489,184079,0.068097849336911,55514,128565,0,3,0,804,5,799,162.62686567164,4343,4052,291,3980,363,30.106378079668,2.9491135160028,0,40,166,160,6
"Sun Oct 24 20:57:12 2010 -0400",86,489,184045,0.068118873502412,55505,128540,0,3,0,804,5,799,162.51243781095,4341,4050,291,3978,363,30.099055517162,2.9502418797512,0,40,166,160,6
"Wed Oct 13 23:09:55 2010 -0400",86,489,183886,0.068120760946589,55467,128419,0,3,0,804,5,799,162.37064676617,4336,4045,291,3974,362,30.107472324723,2.9511070110701,0,40,166,160,6
"Sun Oct 3 19:00:27 2010 -0430",86,490,185422,0.068778686811613,56225,129197,0,3,0,809,5,804,162.43634116193,4414,4130,284,4055,359,29.771409152696,2.9476665156321,0,40,167,161,6
"Mon Sep 27 23:40:57 2010 -0430",86,490,185604,0.068702408101736,56249,129355,0,3,0,809,5,804,162.64029666255,4415,4132,283,4057,358,29.802038505096,2.9474518686297,0,40,167,161,6
"Thu Aug 26 23:19:20 2010 -0400",84,477,182727,0.069242789499721,55378,127349,0,3,0,794,5,789,163.1322418136,4317,4006,311,3994,323,30.003937919852,2.9735927727589,0,40,166,166,0
"Wed Aug 11 22:47:20 2010 -0400",84,477,182199,0.06943295109745,55314,126885,0,3,0,794,5,789,162.62594458438,4304,3994,310,3981,323,30.001161710037,2.9776951672862,0,40,166,166,0
"Sat Jul 31 15:41:28 2010 -0400",84,477,182345,0.069396334550951,55321,127024,0,3,0,794,5,789,162.79848866499,4307,3997,310,3984,323,30.012073368934,2.9774785233341,0,40,166,166,0
"Wed Jul 14 23:11:13 2010 -0400",84,477,182376,0.06952086334333,55335,127041,0,3,0,794,5,789,162.82115869018,4312,4002,310,3989,323,29.981447124304,2.9791280148423,0,40,166,166,0
"Tue Jul 6 22:46:08 2010 -0400",83,474,182197,0.069419834463424,55216,126981,0,3,0,789,5,784,163.78833967047,4302,3992,310,3981,321,30.039284053928,2.9800092980009,0,40,166,166,0
"Sun Jul 4 16:56:21 2010 -0400",83,474,182164,0.069425080932914,55207,126957,0,3,0,789,5,784,163.83269961977,4302,3992,310,3982,320,30.047419804742,2.9797768479777,0,40,166,166,0
"Sun Jul 4 00:29:28 2010 -0400",83,471,182020,0.069617360607684,55112,126908,0,3,0,785,5,780,164.53375796178,4291,3981,310,3970,321,30.099976695409,2.9897459799581,0,40,166,166,0
"Sat Jul 3 11:41:49 2010 -0400",83,471,181927,0.069625939879254,55049,126878,0,3,0,783,5,778,165.1251596424,4284,3974,310,3966,318,30.180438842204,2.9927637721755,0,40,166,166,0
"Fri Jul 2 23:15:48 2010 -0400",83,471,181943,0.069701291435866,55030,126913,0,3,0,781,5,776,165.37644046095,4276,3967,309,3956,320,30.205565949485,2.9992984097287,0,40,166,166,0
"Mon Jul 26 22:42:32 2010 -0400",83,468,181548,0.069721194138211,54829,126719,0,3,0,776,4,772,166.32731958763,4256,3948,308,3942,314,30.326597744361,3.0058740601504,0,40,166,166,0
"Sun Jul 25 19:09:29 2010 -0400",81,466,181543,0.069728522146877,54866,126677,0,3,0,774,4,770,166.55555555556,4244,3950,294,3929,315,30.375589066918,3.0110744580584,0,40,166,166,0
"Sun Jul 25 01:15:28 2010 -0400",79,462,181138,0.069829972321076,54688,126450,0,2,0,769,4,765,167.32899869961,4216,3945,271,3904,312,30.520872865275,3.0237191650854,0,40,166,166,0
"Thu Jul 22 11:05:39 2010 +1000",79,462,180990,0.06987417899818,54620,126370,0,2,0,769,4,765,167.20416124837,4208,3941,267,3899,309,30.55608365019,3.027566539924,0,40,166,166,0
"Wed Jul 7 23:33:38 2010 -0400",79,462,181011,0.069978962020911,54573,126438,0,2,0,769,4,765,167.28478543563,4202,3941,261,3895,307,30.614469300333,3.0347453593527,0,40,166,166,0
"Sun Jul 4 14:12:28 2010 +1000",79,462,181007,0.069984103509091,54564,126443,0,2,0,769,4,765,167.29258777633,4201,3941,260,3896,305,30.623184955963,3.0354677457748,0,40,166,166,0
"Tue Jun 15 00:18:06 2010 +1000",79,462,181121,0.070059918106651,54615,126506,0,2,0,769,4,765,167.37581274382,4206,3959,247,3900,306,30.601997146933,3.0363766048502,0,40,166,166,0
"Thu Jul 15 22:16:19 2010 -0430",79,462,180702,0.069993580751765,54519,126183,0,2,0,768,4,764,167.15104166667,4191,3944,247,3886,305,30.630398472918,3.0362681937485,0,40,166,166,0
"Wed Jul 14 17:54:19 2010 -0430",79,462,180604,0.070032431232308,54491,126113,0,2,0,768,4,764,167.05208333333,4187,3940,247,3883,304,30.641509433962,3.038213518032,0,40,166,166,0
"Sat Jul 10 00:48:45 2010 -0400",79,456,179896,0.069952988155561,54183,125713,0,2,0,762,4,758,167.87532808399,4171,3924,247,3870,301,30.669144090146,3.0376408535123,0,40,164,164,0
"Mon Jul 5 22:35:13 2010 -0400",79,456,180048,0.069979958007253,54312,125736,0,2,0,762,4,758,167.89238845144,4171,3953,218,3881,290,30.672260848717,3.0388396068089,0,40,164,164,0
"Wed Jun 30 22:48:30 2010 -0400",79,456,180283,0.070126093485567,54424,125859,0,2,0,762,4,758,168.0656167979,4175,3989,186,3887,288,30.674491017964,3.0431137724551,0,40,166,166,0
"Mon Jun 28 22:31:35 2010 -0400",79,456,180283,0.070126093485567,54424,125859,0,2,0,762,4,758,168.0656167979,4175,3989,186,3887,288,30.674491017964,3.0431137724551,0,40,166,166,0
"Mon Apr 26 21:42:16 2010 -0430",78,450,179744,0.071462726533735,54266,125478,0,2,0,755,1,754,168.76821192053,4086,3925,161,3812,274,31.184532550171,3.1211453744493,0,40,169,169,0
"Fri Apr 23 13:10:56 2010 +1000",78,450,179599,0.071522566135245,54212,125387,0,0,0,755,1,754,168.62251655629,4060,3923,137,3808,252,31.357142857143,3.1334975369458,0,41,170,170,0
"Mon Apr 19 00:15:56 2010 -0400",78,450,179830,0.071474662821544,54303,125527,0,0,0,755,1,754,168.8,4062,3984,78,3808,254,31.374692269818,3.1324470704087,0,41,170,170,0
"Sun Apr 18 00:53:52 2010 -0400",78,452,180037,0.07150137762984,54459,125578,0,0,0,758,1,757,168.23482849604,4071,4002,69,3818,253,31.324490297224,3.1292065831491,0,41,170,170,0
"Fri Apr 16 02:20:15 2010 +1000",78,451,179737,0.071562953396789,54295,125442,0,0,0,755,0,755,168.71655629139,4054,3985,69,3800,254,31.421065614208,3.1378885051801,0,42,169,169,0
"Wed Apr 14 23:27:34 2010 -0400",78,451,179845,0.071585069513604,54330,125515,0,0,0,755,0,755,168.71258278146,4057,4017,40,3816,241,31.397091446882,3.1365541040177,0,42,169,169,0
"Tue Apr 13 23:54:21 2010 -0400",78,455,183750,0.072164868068118,55502,128248,0,0,0,766,0,766,169.82767624021,4140,4140,0,3913,227,31.422222222222,3.1509661835749,0,54,170,170,0
"Fri Apr 9 21:17:55 2010 +1000",78,455,183620,0.072203630463442,55427,128193,0,0,0,764,0,764,170.13612565445,4135,4135,0,3906,229,31.435066505441,3.1538089480048,0,54,170,170,0
"Mon Apr 5 16:43:47 2010 +1000",78,455,183267,0.072231590781338,55179,128088,0,0,0,764,0,764,169.98821989529,4133,4133,0,3905,228,31.422937333656,3.1538833776917,0,54,170,170,0
"Sun Apr 4 18:17:43 2010 +1000",78,457,184872,0.072291224566221,56696,128176,0,0,0,765,0,765,169.88758169935,4140,4140,0,4057,83,31.392270531401,3.1533816425121,0,54,170,170,0
"Fri Apr 2 13:55:05 2010 -0400",78,457,184807,0.072319435555625,56681,128126,0,0,0,764,0,764,170.14528795812,4136,4136,0,4136,0,31.42915860735,3.1554642166344,0,54,170,170,0
"Mon Mar 29 23:50:40 2010 -0430",78,457,184807,0.072319435555625,56681,128126,0,0,0,764,0,764,170.14528795812,4136,4136,0,4136,0,31.42915860735,3.1554642166344,0,54,170,170,0
"Sun Mar 28 11:28:03 2010 -0400",78,457,184704,0.072336571196552,56636,128068,0,0,0,764,0,764,169.94895287958,4133,4133,0,4133,0,31.415678683765,3.1565448826518,0,54,170,170,0
"Fri Mar 26 20:36:04 2010 +1100",78,457,184511,0.07240745807763,56596,127915,0,0,0,763,0,763,169.98034076016,4127,4127,0,4127,0,31.42597528471,3.1591955415556,0,54,170,170,0
"Tue Mar 23 00:39:24 2010 +0530",77,456,184257,0.072506086534472,56516,127741,0,0,0,761,0,761,170.19185282523,4122,4122,0,4122,0,31.420669577875,3.161814653081,0,54,170,170,0
"Fri Mar 19 20:44:18 2010 -0400",77,456,184199,0.072435285090123,56485,127714,0,0,0,761,0,761,170.2023653088,4122,4122,0,4122,0,31.422610383309,3.1596312469675,0,54,170,170,0
"Tue Mar 16 16:49:57 2010 -0430",77,456,184164,0.072427106909866,56477,127687,0,0,0,761,0,761,170.1038107753,4121,4121,0,4121,0,31.412035913613,3.1594273234652,0,54,170,170,0
"Sun Mar 14 16:06:31 2010 -0400",77,456,184022,0.072453202897187,56450,127572,0,0,0,761,0,761,169.93166885677,4120,4120,0,4120,0,31.38786407767,3.1584951456311,0,54,171,171,0
"Fri Mar 12 23:03:06 2010 -0500",77,456,183804,0.072517915590685,56401,127403,0,0,0,761,0,761,169.73193166886,4114,4114,0,4114,0,31.396694214876,3.1606708799222,0,54,171,171,0
"Mon Mar 8 22:48:39 2010 -0500",77,456,183710,0.072458645553513,56396,127314,0,0,0,761,0,761,169.58738501971,4111,4111,0,4111,0,31.392848455364,3.1588421308684,0,54,171,171,0
"Sun Feb 28 13:51:47 2010 -0500",77,455,183493,0.072864815557495,56326,127167,0,0,0,760,0,760,169.38815789474,4097,4097,0,4097,0,31.421772028313,3.1762265072004,0,54,171,171,0
"Sun Feb 28 11:39:09 2010 -0500",77,455,183493,0.072864815557495,56326,127167,0,0,0,760,0,760,169.38815789474,4097,4097,0,4097,0,31.421772028313,3.1762265072004,0,54,171,171,0
"Sat Feb 27 23:18:21 2010 -0430",77,455,183295,0.073385110518323,56212,127083,0,0,0,760,0,760,169.18157894737,4085,4085,0,4085,0,31.475642594859,3.1973072215422,0,54,170,170,0
"Sat Feb 20 11:42:17 2010 -0500",77,455,183127,0.072671556077233,56186,126941,0,0,0,760,0,760,168.99210526316,4080,4080,0,4080,0,31.478921568627,3.1754901960784,0,54,170,170,0
"Mon Feb 15 12:11:05 2010 -0500",74,452,182933,0.072793671075775,56150,126783,0,0,0,757,0,757,169.46499339498,4074,4074,0,4074,0,31.488708885616,3.179675994109,0,54,170,170,0
"Fri Feb 12 23:51:02 2010 -0500",74,452,182738,0.072862477008455,56061,126677,0,0,0,755,0,755,169.98410596026,4070,4070,0,4070,0,31.532678132678,3.1820638820639,0,54,170,170,0
"Sun Feb 7 16:45:36 2010 -0500",74,452,182738,0.072862477008455,56061,126677,0,0,0,755,0,755,169.98410596026,4070,4070,0,4070,0,31.532678132678,3.1820638820639,0,54,170,170,0
"Sun Jan 31 21:23:32 2010 -0200",74,452,182157,0.073025193414005,56132,126025,0,0,0,758,0,758,168.63192612137,4069,4069,0,4069,0,31.413860899484,3.1759646104694,0,54,170,170,0
"Thu Jan 28 10:55:41 2010 -0500",74,452,182063,0.072995710332469,55946,126117,0,0,0,755,0,755,169.04238410596,4054,4054,0,4054,0,31.481746423286,3.184755796744,0,54,170,170,0
"Mon Jan 25 17:59:05 2010 -0500",73,447,181665,0.073078021838497,55649,126016,0,0,0,748,0,748,170.43983957219,4051,4051,0,4051,0,31.470994816095,3.1863737348803,0,54,170,170,0
"Fri Jan 22 17:54:28 2010 -0500",73,447,181665,0.073078021838497,55649,126016,0,0,0,748,0,748,170.43983957219,4051,4051,0,4051,0,31.470994816095,3.1863737348803,0,54,170,170,0
"Thu Jan 21 01:42:54 2010 +0530",73,447,180970,0.073027053239949,55181,125789,0,0,0,748,0,748,170.51470588235,4045,4045,0,4045,0,31.53152039555,3.1846724351051,0,54,170,170,0
"Tue Jan 19 09:22:13 2010 -0500",73,447,181041,0.072986377147944,55223,125818,0,0,0,748,0,748,170.20053475936,4046,4046,0,4046,0,31.465645081562,3.1836381611468,0,54,170,170,0
"Sat Jan 16 20:38:08 2010 -0500",73,447,180975,0.07295857517691,55205,125770,0,0,0,748,0,748,170.1256684492,4044,4044,0,4044,0,31.467359050445,3.1829871414441,0,54,170,170,0
